,0
in,51117
con,41197
un,36189
the,33240
per,32778
and,23093
la,22455
il,19209
una,18114
al,15403
appartamento,14974
non,14357
si,14067
of,13432
che,12974
via,12627
to,11855
del,11525
ed,11498
for,11157
online,11079
piano,10776
sono,10641
cucina,10364
letto,10163
bagno,10135
le,9904
check,9779
camera,9484
servizio,9006
zona,8755
su,8604
composto,8496
immobile,8438
servizi,8102
euro,7988
affitto,7858
arredato,7736
mq,7630
contratto,7590
soggiorno,7530
due,7418
with,7383
is,7179
you,7050
della,6849
ingresso,6834
ad,6826
it,6742
informazioni,6513
nel,6214
on,6190
ampio,5741
alla,5666
from,5585
roma,5543
roomless,5524
rent,5512
posto,5499
camere,5408
all,5347
immobiliare,5311
00,5195
riscaldamento,5119
months,5117
mediazione,5113
locazione,5070
completamente,5039
ci,4916
out,4908
dal,4897
dell,4803
tutti,4769
proponiamo,4715
spese,4588
be,4513
costi,4502
come,4471
anche,4466
ristrutturato,4418
abitabile,4381
matrimoniale,4377
trova,4365
balcone,4314
maggiori,4293
30,4280
agenzia,4277
ma,4276
piazza,4221
gli,4200
ita,4124
will,4068
accesso,4027
ascensore,4016
eng,3976
subito,3960
disponibile,3898
pulizie,3883
dei,3756
quota,3730
privati,3727
no,3716
alle,3672
usufruire,3657
unica,3639
nella,3636
15,3547
più,3537
angolo,3518
are,3501
affitta,3477
room,3457
mezzi,3452
immobili,3446
doccia,3429
salone,3421
com,3409
circa,3357
pochi,3340
interno,3259
cottura,3240
mesi,3230
auto,3170
luminoso,3128
prima,3084
offre,3082
contract,3060
dalla,3054
mensile,3052
200,3025
apartments,3010
altri,3010
condizioni,2980
lo,2896
dati,2895
we,2884
attività,2880
metro,2864
prenotare,2859
https,2810
solo,2806
terrazzo,2800
rif,2797
listing,2789
proprietari,2787
evitare,2775
quartiere,2762
an,2757
portali,2751
link,2737
help,2734
banca,2734
book,2721
avoid,2717
offerte,2715
roomlessrent,2712
canone,2682
privato,2663
apartment,2661
contenente,2659
bilocale,2634
150,2631
ogni,2606
affitti,2592
stato,2581
mese,2573
condominio,2560
vista,2551
rental,2541
uno,2540
svolge,2533
ottime,2533
passi,2524
cleaning,2515
250,2512
inserzionista,2506
tre,2471
month,2466
autonomo,2455
uso,2452
there,2432
box,2427
prenotabili,2419
dotato,2395
one,2378
that,2370
reperibili,2363
06,2357
casa,2353
at,2326
centro,2294
stabile,2275
was,2271
mensili,2270
informativo,2268
dai,2266
libero,2256
prezzo,2240
sito,2239
nelle,2233
comodo,2230
interne,2220
bagni,2204
proprietà,2203
costs,2184
can,2183
trasporto,2163
porta,2144
minuti,2142
giardino,2142
fino,2140
principali,2135
aria,2133
ai,2128
visita,2124
gratuitamente,2117
se,2116
senza,2106
nostri,2090
richiesta,2056
doppio,2033
which,2007
pubblici,2005
ben,1998
finestrato,1987
delle,1982
grande,1970
propone,1959
primo,1940
contattaci,1931
degli,1930
completa,1920
by,1917
appartamenti,1904
utenze,1889
en,1889
terra,1886
condizionata,1881
50,1875
monthly,1870
as,1868
contact,1866
ha,1858
presenta,1858
villa,1851
if,1842
base,1840
before,1803
molto,1801
lungo,1797
foto,1794
contratti,1791
negozi,1788
tenant,1780
contattare,1766
palazzina,1765
ampia,1759
secondo,1734
condominiali,1733
minime,1713
euros,1713
costo,1710
final,1703
studio,1697
piattaforma,1695
ripostiglio,1695
ti,1694
or,1686
two,1681
cui,1677
us,1676
armadio,1662
pagamento,1661
rentals,1657
area,1655
garanzia,1653
palazzo,1643
situato,1638
utilities,1634
available,1627
massima,1623
società,1622
direttamente,1618
inquilino,1615
piedi,1601
precisamente,1601
san,1596
mensilità,1592
quindi,1592
located,1589
stazione,1583
finali,1577
10,1565
not,1565
contattateci,1559
adiacente,1558
tranquillità,1543
60,1543
contracts,1538
guest,1513
referenziati,1507
puoi,1498
nasce,1498
hai,1489
infissi,1483
need,1483
platform,1478
age,1478
dalle,1474
totalmente,1469
altre,1465
fine,1465
vicino,1457
te,1456
so,1453
sopra,1445
work,1442
metri,1442
trilocale,1440
guarantee,1437
clicca,1435
agenzie,1433
does,1423
payment,1420
end,1414
faccia,1412
bisogno,1409
signorile,1409
viewing,1408
termine,1404
medio,1401
long,1395
recenti,1392
now,1390
term,1388
else,1386
ottimo,1380
living,1380
essere,1378
property,1376
parte,1374
photos,1372
gg,1367
aiuto,1367
medium,1367
recent,1362
qualcuno,1362
impianto,1361
reliable,1360
sul,1360
affidabili,1360
above,1360
click,1358
notice,1358
peace,1358
someone,1357
funziona,1357
doing,1356
follow,1356
segui,1356
created,1356
mind,1356
verifichiamo,1356
accettata,1356
aiuteremo,1356
oltre,1354
fermata,1345
arredata,1327
100,1324
ideale,1324
doppi,1324
inoltre,1321
dimensione,1321
questo,1319
settembre,1318
variano,1315
fees,1314
sarà,1311
pranzo,1311
posizione,1297
suo,1289
20,1288
presenti,1281
esposizione,1280
condominiale,1276
rome,1275
registration,1274
how,1271
preavviso,1264
portineria,1259
stay,1243
pari,1241
three,1241
intermediazione,1236
nessuna,1231
apertura,1229
obbligatorie,1226
deposit,1226
monolocale,1223
registrazione,1220
parquet,1218
richiesto,1206
commerciali,1204
soluzione,1199
wifi,1195
anni,1194
80,1194
residenziale,1193
centralizzato,1192
tutte,1192
this,1192
impegno,1191
vasca,1185
opening,1180
storico,1176
collegamenti,1174
viene,1172
ottimi,1157
composta,1153
fee,1145
2023book,1141
private,1141
2023prenota,1141
parco,1131
tra,1130
presente,1123
incluso,1121
300,1121
contrattuali,1117
giorno,1107
flavia,1101
tv,1100
asciugamani,1097
days,1096
monolocali,1091
terzo,1089
lenzuola,1089
affaccio,1087
dove,1084
lavatrice,1083
massime,1079
www,1076
transitorio,1062
persone,1060
heating,1059
up,1056
dispone,1055
blindata,1051
chiamateci,1047
balconi,1044
matrimoniali,1041
nostro,1037
inclusa,1037
included,1035
seconda,1033
finestra,1032
elegante,1026
cantina,1026
varia,1024
costituiscono,1018
companies,1017
contesto,1017
do,1017
accogliente,1015
muro,1015
tipologia,1014
vicinanze,1011
equal,1008
così,1008
divano,1008
cameretta,1007
cedolare,1007
18,1006
italia,1006
compone,1005
2023,1001
cancellation,999
condominium,996
delizioso,996
corso,993
grazie,990
tutto,989
nostra,981
verde,975
cost,973
città,971
65,968
studenti,965
deposito,962
foresteria,961
info,960
individuals,958
possibilità,956
disdetta,955
servita,948
chiusura,947
può,945
disimpegno,941
secca,941
solamente,939
elettrodomestici,934
1maximum,933
1mensilità,933
supermercati,932
nei,924
tel,924
cucinotto,924
your,924
acqua,921
ristoranti,920
terrazza,919
cortina,912
houses,911
autobus,906
viale,905
grazioso,903
notte,902
assistenza,902
dall,901
metropolitana,898
11,894
first,892
type,892
piani,892
case,889
01,889
open,889
sia,886
sulla,885
upon,885
sua,881
est,870
agosto,868
ca,863
collegata,857
ottima,854
vetro,853
includes,851
addition,850
visionabile,845
13,835
indicative,835
consumo,826
kit,824
silenzioso,820
balance,818
sabato,817
possibile,815
disposizione,814
07,809
12,806
finestre,805
sala,805
caso,801
paid,798
contrattuale,797
bedroom,795
required,795
fixed,791
ufficio,790
nuovo,790
attivita,788
flat,788
doppia,786
130,784
ore,782
cuore,777
locali,775
biancheria,769
comoda,763
termoautonomo,760
closure,752
edificio,750
bilocali,749
sud,749
immobiliari,740
piccolo,738
attico,734
70,732
legno,732
ospiti,732
angelo,731
booking,731
cauzione,730
fisso,727
sempre,726
ulteriori,725
kitchen,724
mandatory,721
fiume,720
service,720
soli,719
elementi,716
struttura,715
eur,715
veneto,712
mensilmente,711
trastevere,710
termini,707
tramite,706
until,706
debit,704
planimetrie,702
numero,701
tempo,697
saranno,696
scelta,695
linea,694
pagare,693
preferenzacosti,684
preferencecontract,684
bathroom,683
luglio,681
cambio,681
ordinarie,679
epoca,676
pulizia,675
bar,671
request,669
classe,669
hours,669
corridoio,665
chiamare,663
cinema,663
500,659
immediate,658
genere,657
more,657
scuole,655
venti,653
de,651
affittasi,650
design,642
floor,640
building,640
armadi,640
45,638
garanzie,636
lunedì,632
insieme,632
parzialmente,631
risulta,630
lavastoviglie,629
between,629
esterno,629
appuntamento,628
lavanderia,625
ambiente,625
complesso,624
oppure,624
lavoratori,623
sede,622
stanza,620
prenotazione,618
fare,613
19,613
troviamo,612
energetica,611
period,609
spazio,605
quarto,604
together,603
cabina,602
cauzionale,599
attrezzata,599
locato,597
commerciale,596
dotata,595
nuova,595
beautiful,595
clienti,593
visite,592
castro,591
ampie,591
vi,591
ospite,590
its,590
tranquilla,589
12età,586
12accepted,586
vendita,586
vivibile,581
24,581
indipendente,580
seguenti,578
price,576
ricettivo,576
arredi,575
dimostrabili,574
fuori,572
redditi,571
università,571
40,571
pavimenti,571
nord,570
have,570
gode,567
extra,567
finemente,566
comprese,565
where,564
metratura,564
bus,563
estate,562
giorni,561
has,560
structure,560
2019,559
necessita,559
accommodation,559
tavolo,559
verranno,558
ottobre,558
meramente,556
zone,556
parioli,555
made,555
ambienti,555
recentemente,555
rate,554
strada,552
space,552
comprensorio,551
1949,551
recente,549
800,549
raggiungere,548
real,547
08,547
full,546
spazi,545
unico,545
please,544
verrà,544
gas,543
avere,542
costruzione,540
incluse,537
accede,536
luminosità,534
700,534
appuntamenti,534
splendido,525
completo,525
conguaglio,524
suite,523
aperto,522
uffici,522
garage,522
ponte,522
tranquillo,521
partire,521
restaurants,520
presso,520
poter,518
livelli,517
camino,517
rispetto,513
vostro,511
capitale,511
concordato,510
built,510
periodo,510
diversi,509
collegato,509
consegnato,508
chi,504
ultimo,504
appena,501
pietro,501
massimo,500
km,500
also,499
nell,499
public,499
richiesti,497
contractual,494
posti,493
city,493
soppalco,492
trevi,492
minimum,491
tutta,490
esclusivo,488
momento,483
aprile,483
internamente,483
livello,481
include,481
parcheggio,481
dare,480
ricca,479
spazioso,479
coperto,478
giovanni,477
25,476
finale,476
1st,476
tiburtina,475
free,475
europer,474
forno,474
wi,474
grandi,474
our,474
bellissima,471
fi,469
ottimamente,468
09,467
contabilizzatori,466
vengono,465
ricevere,463
alto,462
office,462
campo,462
alloggio,460
persona,460
mercato,460
necessità,459
alta,459
strategica,458
day,457
barberini,457
according,456
close,454
charge,454
welcome,453
altro,453
presenza,449
services,449
single,448
locale,448
esigenze,447
90,447
tuo,446
600,446
completano,446
benvenuto,445
allo,445
buono,444
ovest,443
affacci,443
arredamento,442
richieste,442
pregio,441
900,438
quattro,436
stanze,436
linee,435
sicurezza,435
four,435
22,434
trieste,434
double,434
outside,431
ubicato,431
large,431
sunday,431
abitato,430
renovated,430
superficie,430
neighborhood,429
questa,428
intero,427
rialzato,426
750,425
000,425
qualsiasi,425
monday,425
luminosa,424
uscita,423
scala,422
indicato,422
previsto,422
totale,421
date,421
lavoro,420
saturday,419
assistance,419
farmacie,418
following,417
salotto,417
fermate,417
piccola,416
starting,415
winter,415
bellissimo,414
october,413
april,413
gratuita,412
based,411
holidays,411
importo,411
sqm,410
start,410
calls,410
30th,409
proportional,409
varies,409
acceptance,409
initial,409
bedrooms,407
centrale,406
quale,406
settimana,405
650,405
3519618439,404
fase,403
amount,400
mt,399
ammobiliato,399
tor,399
aggiuntivo,397
invernale,395
professionalità,394
usa,394
santa,394
aggiunta,394
bancaria,393
domenica,393
approx,392
05,391
semi,391
preferenzaminimum,389
preference,389
studios,389
reception,388
ampi,388
orari,388
nazionale,388
trilocali,387
nuovi,387
whatsapp,386
re,386
name,386
maria,385
trovano,384
house,384
bed,384
prevede,384
towels,384
coppia,383
vaticano,383
esperienza,382
reddito,382
moderno,381
adatto,380
grate,380
includono,380
repubblica,379
prestigioso,379
potete,378
cassia,378
intestato,378
when,377
toilet,377
including,376
gratuito,376
dining,376
vendere,375
opera,375
animali,374
panoramico,374
festivi,374
elemento,374
cell,374
vicinanza,374
bologna,374
allarme,373
pvc,373
previa,373
vetri,373
lettura,372
consulenza,372
accoglienza,370
14,370
ristrutturazione,370
quelli,370
11am,369
3pm,369
6pm,369
interni,369
air,368
fornito,368
bene,366
forfettario,366
prati,365
security,365
obbligatorio,365
consumption,363
furniture,362
company,362
referenziate,362
silenziosa,362
avanti,361
mail,361
week,360
quadrilocale,360
carta,358
iniziale,358
anno,358
18età,357
18accepted,357
calda,356
caldo,356
esclusivamente,356
pia,356
servito,355
interna,355
importi,355
accettazione,355
professionisti,354
luce,354
europa,354
onwards,354
iniziali,353
upwards,353
terminano,353
proporzionale,353
iniziano,353
saldo,353
sapone,353
shall,352
fatturate,352
sheets,352
fatturati,352
invoiced,352
increased,352
preliminary,352
moredeposit,352
paper,352
quadrimestralmente,352
getta,352
contraddittorio,352
conguagliate,352
read,352
igienica,352
quoted,352
billed,352
settled,352
maggiorate,352
omaggio,352
eurofor,352
soap,352
disposable,352
lasts,352
contradistinction,352
minutes,352
piùcauzione,352
durano,352
place,350
colli,350
compreso,350
singola,349
calore,348
28,348
very,347
loft,347
most,347
siamo,346
few,344
55,343
noi,342
aree,342
architetto,341
kwh,341
giugno,341
raggiungibile,340
rendono,340
frigorifero,339
qualità,339
rappresentanza,339
station,338
luminosissimo,338
michelangelo,337
hanno,337
late,336
climatizzato,336
manutenzione,335
tipo,334
unità,334
areas,334
abitative,333
quirinale,333
quando,332
cortile,332
moderna,332
scrivania,331
receive,330
elettrico,330
pavimento,329
35,329
sviluppa,329
tuscolana,329
39,328
smart,327
850,325
accedere,325
caldaia,324
reddituali,323
fu,323
borghese,322
soffitti,322
proprio,322
attraverso,321
distanza,320
condizionatori,319
scoperto,319
accurata,318
attenzione,317
quinto,317
equipped,316
conditioning,316
riferimento,314
esterni,314
confortevole,313
terrazzino,313
situata,312
referenze,312
sapienza,311
padronale,311
bright,311
shops,311
portiere,310
abbiamo,310
neighbourhood,310
note,310
107,310
pressi,310
capital,310
designed,309
sant,309
meters,308
ne,308
tua,308
quali,306
monteverde,305
sallustiano,305
fronte,305
giornata,304
raggiungibili,304
freddo,304
facilmente,303
clientela,303
marmo,302
suoi,302
immerso,302
vostra,301
ascensori,301
diviso,301
ospitare,301
possono,301
piscina,301
reperibiligratuitamente,301
numeri,301
principale,301
fissare,300
richiedono,300
carico,300
storia,300
particolarità,299
valutazione,297
entrance,297
choice,297
diverse,297
visitare,297
riservato,297
sole,296
buone,296
elettriche,295
breve,295
just,294
papal,294
nomentana,294
piacevole,293
video,292
modern,292
preventivo,291
quote,291
transitori,291
punti,290
stile,290
infatti,290
ospedale,289
piave,289
architect,288
portierato,288
home,288
basilica,288
rifinito,288
loro,287
confort,287
fornita,287
comfort,287
1870,286
affaccia,286
bissolati,286
inquilini,285
coop,285
idromassaggio,285
architettonica,285
impianti,285
modernità,285
seminterrato,284
salandra,284
pam,284
monte,284
buonarroti,284
gellini,284
troops,284
piemonte,284
bathrooms,284
spagna,283
architectural,283
furnished,282
entrata,282
torrino,282
durante,281
direttamenterispetto,281
120,281
singolo,281
data,281
mobili,280
abitazione,280
porte,280
ricerca,279
cinque,279
02,279
other,279
dopo,278
3761601138,278
totally,278
careful,278
brightness,278
suites,277
quelle,277
spaziosa,277
offrire,276
climatizzazione,275
elevators,275
splendida,275
kitchenette,275
modernism,274
coppie,274
fideiussione,274
particularity,274
tram,273
settore,273
lorenzo,272
videocitofono,272
gratuite,272
adiacenze,271
valutazioni,271
85,271
policlinico,271
microonde,270
16,268
navona,268
proporre,268
venerdì,267
aperta,267
grado,266
pubblico,263
climatizzatoprezzo,263
cosi,263
residenti,262
materiali,262
comune,261
400,261
dettagli,261
gratuitamentesu,260
contattarci,260
mentre,260
luogo,260
misura,259
soloaffitti,259
poco,258
annuncio,258
monti,258
popolo,258
any,258
servizioinformativo,258
near,258
terrazzi,257
tende,257
team,257
verdi,257
accoglie,257
locazioni,257
privata,257
supermercato,256
colosseo,256
gruppo,255
pavimentazione,255
floors,254
punto,254
largo,253
into,253
rione,253
famiglie,253
ristrutturatocomposto,253
ammontano,253
high,253
romano,251
treno,251
letti,250
esclusiva,250
caratteristiche,249
ostia,249
costruito,249
oggi,249
elevator,248
vuoto,248
indeterminato,248
entro,248
stesso,247
panoramica,247
550,247
ricettive,246
famous,246
possible,245
varie,244
zanzariere,244
macchina,244
superiore,243
vivere,243
internet,242
serrande,242
banche,241
mondo,241
intera,241
sue,241
ecc,241
perfetto,240
fully,240
spacious,240
minimo,239
casal,239
angolare,239
farmacia,239
ostiense,239
ulteriore,238
always,238
950,238
balduina,237
camillo,237
facebook,237
curato,237
richiede,237
divided,237
21,236
1età,235
1accepted,235
sui,235
garantire,235
affittare,234
visionare,234
triplo,234
diretto,233
funzionale,232
alluminio,232
pertinenza,232
finiture,232
email,231
vicina,231
piu,231
fidejussione,230
italy,230
quiet,230
perimetrale,230
vari,230
quanto,230
agenti,229
decoroso,229
weekly,228
sei,228
escluse,228
within,227
ape,227
housinganywhere,226
laurentina,226
residenziali,226
50mq,225
progetto,225
architettura,224
arredo,224
balcony,223
soluzioni,223
disponibili,223
gemelli,223
predisposizione,223
75,222
fiumicino,222
alcun,222
after,222
comodamente,221
già,221
dimostrabile,221
condizionamento,220
esterna,220
rifiniture,220
altamente,220
comfortable,220
compravendita,220
settimanali,219
acquisto,219
expense,219
bel,219
paga,218
veranda,218
quartieri,218
consumi,218
particolare,218
aeroporto,218
dello,218
castel,217
reservation,217
confermando,217
confirming,217
obligatory,217
permette,217
privacy,217
interesse,216
agli,216
complessivi,216
altra,215
rete,215
vergata,215
2024prenota,214
talenti,214
2024book,214
max,214
sotto,214
small,214
vigna,213
quadri,213
personale,213
gmail,213
sistema,212
disponiamo,212
salario,212
ristrutturata,212
contatto,212
puramente,211
shopping,211
periodi,211
durata,211
eventuali,210
famosa,210
famiglia,210
palazzi,209
fontana,209
110,209
inferriate,208
salvo,208
mai,207
ipe,207
vie,207
prossimità,206
balconcino,206
tripla,206
tipologie,204
professionale,204
supermarkets,204
attualmente,204
edifici,204
shower,203
bars,203
tutela,202
dettaglio,202
mobilio,202
ada,202
disponibilità,202
conduce,202
condizionatore,202
realizzata,201
paolo,201
like,200
only,200
spesa,200
giardini,200
mare,199
well,199
maggio,198
supermarket,198
posta,197
piatti,197
fleming,197
31,196
composizione,196
villino,195
fibra,195
aurelia,195
luiss,194
sette,194
lieta,193
affittato,193
3738918382,193
ferroviaria,193
serietà,193
valore,192
marconi,192
opportunità,192
cura,191
italian,191
informazione,191
sedie,191
termo,190
residenza,190
tinello,189
busta,189
torre,189
sedi,188
buildings,188
particolarmente,187
entrambi,187
leader,187
teatro,187
blindato,187
steps,186
piazzale,185
venezia,185
wc,185
attrezzato,184
send,184
175,183
importanti,183
several,183
foot,183
francesco,183
connected,183
interamente,183
libreria,183
numerose,182
corte,182
induzione,182
339,182
tinta,181
propria,181
seguente,180
piacere,180
sull,180
find,180
migliori,179
part,179
contatti,178
system,178
mario,177
450,177
clubs,177
entrando,176
esattamente,176
local,176
elegant,175
parti,175
altezza,175
romana,175
separata,175
meraviglioso,174
alti,174
importante,174
cliente,174
pompa,173
italiane,173
termico,173
1000,173
collegamento,173
distante,173
naturale,172
center,172
sicuro,172
trattativa,172
estremamente,172
guardaroba,171
ottenere,171
numerosi,171
plenty,171
palestre,171
comprensivo,170
oggetto,170
soddisfare,169
rende,169
trovare,169
meravigliosi,169
singoli,168
bambini,168
affittiamo,168
right,168
etc,168
modo,168
history,168
gra,168
unita,168
negli,167
raccordo,167
gestione,167
pertanto,167
posizionato,167
atr,167
suddiviso,166
essendo,166
ubicazione,166
milvio,165
typical,165
poi,165
terrazze,164
residential,164
centocelle,164
vuoi,164
indirizzo,163
ceiling,162
cancello,162
me,162
valle,162
48,162
reached,162
giovani,162
offices,161
comunicazione,161
speciale,161
nostre,161
gustare,160
innovazione,160
taste,159
fondata,159
3512630660rispetto,159
quello,159
consists,159
apre,159
architecture,158
portuense,158
produzione,158
relax,158
makes,158
tipici,157
54,157
brevi,157
sesto,156
machine,156
buonissime,155
parking,155
welcomes,155
antica,154
dishes,154
accessoriata,154
pharmacy,154
ristrutturatol,154
different,154
consente,154
fan,154
lusso,154
direttamenteaffitto,154
know,153
connessione,152
lunedi,152
iscrizione,152
offerta,151
caffè,151
messaggio,151
individual,150
06393777293332657209pronto,149
return,149
lavabo,149
illimitato,149
patio,148
bidet,148
imbarazzo,148
praticamente,148
27,148
autonoma,147
singole,147
truppe,147
finestrati,147
riservata,146
fact,146
centralized,146
munito,146
remaining,146
past,146
battaglia,146
1200,146
closet,145
hill,145
elettrica,145
passato,145
ministeri,145
famoso,145
cl,144
marked,144
segnò,144
ridosso,144
seven,144
restante,144
vita,144
qui,144
palaces,144
ultima,143
linen,143
ritorno,143
hills,143
combined,143
potere,143
washing,142
ministries,142
papale,142
population,142
regolare,142
power,142
fotografie,142
climatizzatori,142
concentrazione,142
special,142
innovation,142
papali,142
divenuta,142
va,142
facile,142
density,142
densità,142
disabitata,142
uninhabited,142
practically,142
founded,142
battle,142
became,142
concentration,142
meglio,140
ricettiva,140
proposto,139
autentiche,139
nello,139
closest,139
marvelous,139
thermostat,139
theatre,138
popolazione,138
coils,138
northern,138
h24,138
ammessi,137
settentrionale,137
invece,137
choices,137
moderata,137
moderate,137
authentic,137
servizila,136
proposte,136
parchi,136
accogliere,136
sulle,136
look,136
interessati,136
immagini,135
climatizzatore,135
legale,135
60mq,135
therefore,134
details,134
fanno,133
